"COUNTY","CFIPS","YEAR","AGE","SEX","RACE","ETHNICITY","COUNT",
"Adams County","1","","","","American Indian","Hispanic Origin","10,246.44",
"Adams County","1","","","","American Indian","Not of Hispanic Origin","3,591.25",
"Adams County","1","","","","Asian/Pacific Islander","Hispanic Origin","2,521.07",
"Adams County","1","","","","Asian/Pacific Islander","Not of Hispanic Origin","22,969.47",
"Adams County","1","","","","Black","Hispanic Origin","4,643.24",
"Adams County","1","","","","Black","Not of Hispanic Origin","18,655.09",
"Adams County","1","","","","White","Hispanic Origin","187,729.82",
"Adams County","1","","","","White","Not of Hispanic Origin","261,356.81",
"Alamosa County","3","","","","American Indian","Hispanic Origin","706.39",
"Alamosa County","3","","","","American Indian","Not of Hispanic Origin","259.77",
"Alamosa County","3","","","","Asian/Pacific Islander","Hispanic Origin","123.51",
"Alamosa County","3","","","","Asian/Pacific Islander","Not of Hispanic Origin","186.55",
"Alamosa County","3","","","","Black","Hispanic Origin","152.97",
"Alamosa County","3","","","","Black","Not of Hispanic Origin","273.22",
"Alamosa County","3","","","","White","Hispanic Origin","6,417.63",
"Alamosa County","3","","","","White","Not of Hispanic Origin","8,052.95",
"Arapahoe County","5","","","","American Indian","Hispanic Origin","5,377.2",
"Arapahoe County","5","","","","American Indian","Not of Hispanic Origin","3,581.62",
"Arapahoe County","5","","","","Asian/Pacific Islander","Hispanic Origin","2,379.65",
"Arapahoe County","5","","","","Asian/Pacific Islander","Not of Hispanic Origin","44,073.86",
"Arapahoe County","5","","","","Black","Hispanic Origin","6,802.44",
"Arapahoe County","5","","","","Black","Not of Hispanic Origin","75,288.2",
"Arapahoe County","5","","","","White","Hispanic Origin","110,937.63",
"Arapahoe County","5","","","","White","Not of Hispanic Origin","403,065.69",
"Archuleta County","7","","","","American Indian","Hispanic Origin","272.61",
"Archuleta County","7","","","","American Indian","Not of Hispanic Origin","252.3",
"Archuleta County","7","","","","Asian/Pacific Islander","Hispanic Origin","43.06",
"Archuleta County","7","","","","Asian/Pacific Islander","Not of Hispanic Origin","139.18",
"Archuleta County","7","","","","Black","Hispanic Origin","43.12",
"Archuleta County","7","","","","Black","Not of Hispanic Origin","136.46",
"Archuleta County","7","","","","White","Hispanic Origin","2,101.64",
"Archuleta County","7","","","","White","Not of Hispanic Origin","10,771.63",
"Baca County","9","","","","American Indian","Hispanic Origin","22.26",
"Baca County","9","","","","American Indian","Not of Hispanic Origin","45.56",
"Baca County","9","","","","Asian/Pacific Islander","Hispanic Origin","0.89",
"Baca County","9","","","","Asian/Pacific Islander","Not of Hispanic Origin","11.21",
"Baca County","9","","","","Black","Hispanic Origin","14.06",
"Baca County","9","","","","Black","Not of Hispanic Origin","40.85",
"Baca County","9","","","","White","Hispanic Origin","355.42",
"Baca County","9","","","","White","Not of Hispanic Origin","3,058.66",
"Bent County","11","","","","American Indian","Hispanic Origin","127.48",
"Bent County","11","","","","American Indian","Not of Hispanic Origin","86.88",
"Bent County","11","","","","Asian/Pacific Islander","Hispanic Origin","12.16",
"Bent County","11","","","","Asian/Pacific Islander","Not of Hispanic Origin","72.96",
"Bent County","11","","","","Black","Hispanic Origin","42.35",
"Bent County","11","","","","Black","Not of Hispanic Origin","436.29",
"Bent County","11","","","","White","Hispanic Origin","1,741.37",
"Bent County","11","","","","White","Not of Hispanic Origin","3,310.2",
"Boulder County","13","","","","American Indian","Hispanic Origin","1,805.65",
"Boulder County","13","","","","American Indian","Not of Hispanic Origin","1,480.52",
"Boulder County","13","","","","Asian/Pacific Islander","Hispanic Origin","669.13",
"Boulder County","13","","","","Asian/Pacific Islander","Not of Hispanic Origin","16,863.34",
"Boulder County","13","","","","Black","Hispanic Origin","847.7",
"Boulder County","13","","","","Black","Not of Hispanic Origin","4,102.16",
"Boulder County","13","","","","White","Hispanic Origin","41,516.74",
"Boulder County","13","","","","White","Not of Hispanic Origin","258,228.13",
"Broomfield County","14","","","","American Indian","Hispanic Origin","317.23",
"Broomfield County","14","","","","American Indian","Not of Hispanic Origin","374.19",
"Broomfield County","14","","","","Asian/Pacific Islander","Hispanic Origin","160",
"Broomfield County","14","","","","Asian/Pacific Islander","Not of Hispanic Origin","4,980.65",
"Broomfield County","14","","","","Black","Hispanic Origin","202.11",
"Broomfield County","14","","","","Black","Not of Hispanic Origin","1,152.21",
"Broomfield County","14","","","","White","Hispanic Origin","7,929.76",
"Broomfield County","14","","","","White","Not of Hispanic Origin","54,008.06",
"Chaffee County","15","","","","American Indian","Hispanic Origin","164.61",
"Chaffee County","15","","","","American Indian","Not of Hispanic Origin","209.93",
"Chaffee County","15","","","","Asian/Pacific Islander","Hispanic Origin","19.41",
"Chaffee County","15","","","","Asian/Pacific Islander","Not of Hispanic Origin","188.11",
"Chaffee County","15","","","","Black","Hispanic Origin","41.39",
"Chaffee County","15","","","","Black","Not of Hispanic Origin","347.05",
"Chaffee County","15","","","","White","Hispanic Origin","1,821.66",
"Chaffee County","15","","","","White","Not of Hispanic Origin","17,213.8",
"Cheyenne County","17","","","","American Indian","Hispanic Origin","6.77",
"Cheyenne County","17","","","","American Indian","Not of Hispanic Origin","15.43",
"Cheyenne County","17","","","","Asian/Pacific Islander","Hispanic Origin","0.64",
"Cheyenne County","17","","","","Asian/Pacific Islander","Not of Hispanic Origin","9.24",
"Cheyenne County","17","","","","Black","Hispanic Origin","1.99",
"Cheyenne County","17","","","","Black","Not of Hispanic Origin","33.67",
"Cheyenne County","17","","","","White","Hispanic Origin","205",
"Cheyenne County","17","","","","White","Not of Hispanic Origin","1,592.57",
"Clear Creek County","19","","","","American Indian","Hispanic Origin","54.6",
"Clear Creek County","19","","","","American Indian","Not of Hispanic Origin","78",
"Clear Creek County","19","","","","Asian/Pacific Islander","Hispanic Origin","8.2",
"Clear Creek County","19","","","","Asian/Pacific Islander","Not of Hispanic Origin","91.86",
"Clear Creek County","19","","","","Black","Hispanic Origin","21.57",
"Clear Creek County","19","","","","Black","Not of Hispanic Origin","122.96",
"Clear Creek County","19","","","","White","Hispanic Origin","593.4",
"Clear Creek County","19","","","","White","Not of Hispanic Origin","8,685.45",
"Conejos County","21","","","","American Indian","Hispanic Origin","294.13",
"Conejos County","21","","","","American Indian","Not of Hispanic Origin","74.77",
"Conejos County","21","","","","Asian/Pacific Islander","Hispanic Origin","49.07",
"Conejos County","21","","","","Asian/Pacific Islander","Not of Hispanic Origin","46.78",
"Conejos County","21","","","","Black","Hispanic Origin","67.19",
"Conejos County","21","","","","Black","Not of Hispanic Origin","50.89",
"Conejos County","21","","","","White","Hispanic Origin","3,839.1",
"Conejos County","21","","","","White","Not of Hispanic Origin","3,725.63",
"Costilla County","23","","","","American Indian","Hispanic Origin","176.28",
"Costilla County","23","","","","American Indian","Not of Hispanic Origin","57.12",
"Costilla County","23","","","","Asian/Pacific Islander","Hispanic Origin","17.51",
"Costilla County","23","","","","Asian/Pacific Islander","Not of Hispanic Origin","45.25",
"Costilla County","23","","","","Black","Hispanic Origin","67.16",
"Costilla County","23","","","","Black","Not of Hispanic Origin","39.13",
"Costilla County","23","","","","White","Hispanic Origin","2,150.33",
"Costilla County","23","","","","White","Not of Hispanic Origin","1,263.13",
"Crowley County","25","","","","American Indian","Hispanic Origin","113.73",
"Crowley County","25","","","","American Indian","Not of Hispanic Origin","103.61",
"Crowley County","25","","","","Asian/Pacific Islander","Hispanic Origin","2.95",
"Crowley County","25","","","","Asian/Pacific Islander","Not of Hispanic Origin","72.88",
"Crowley County","25","","","","Black","Hispanic Origin","24.22",
"Crowley County","25","","","","Black","Not of Hispanic Origin","574.65",
"Crowley County","25","","","","White","Hispanic Origin","1,669.44",
"Crowley County","25","","","","White","Not of Hispanic Origin","3,290.45",
"Custer County","27","","","","American Indian","Hispanic Origin","15.89",
"Custer County","27","","","","American Indian","Not of Hispanic Origin","37.9",
"Custer County","27","","","","Asian/Pacific Islander","Hispanic Origin","0",
"Custer County","27","","","","Asian/Pacific Islander","Not of Hispanic Origin","29.26",
"Custer County","27","","","","Black","Hispanic Origin","8.92",
"Custer County","27","","","","Black","Not of Hispanic Origin","90.7",
"Custer County","27","","","","White","Hispanic Origin","270.02",
"Custer County","27","","","","White","Not of Hispanic Origin","4,479.18",
"Delta County","29","","","","American Indian","Hispanic Origin","274.9",
"Delta County","29","","","","American Indian","Not of Hispanic Origin","238.68",
"Delta County","29","","","","Asian/Pacific Islander","Hispanic Origin","48.97",
"Delta County","29","","","","Asian/Pacific Islander","Not of Hispanic Origin","259.33",
"Delta County","29","","","","Black","Hispanic Origin","89.89",
"Delta County","29","","","","Black","Not of Hispanic Origin","277.97",
"Delta County","29","","","","White","Hispanic Origin","4,323.02",
"Delta County","29","","","","White","Not of Hispanic Origin","25,418.78",
"Denver County","31","","","","American Indian","Hispanic Origin","11,293.4",
"Denver County","31","","","","American Indian","Not of Hispanic Origin","4,870.66",
"Denver County","31","","","","Asian/Pacific Islander","Hispanic Origin","2,335.84",
"Denver County","31","","","","Asian/Pacific Islander","Not of Hispanic Origin","30,089.17",
"Denver County","31","","","","Black","Hispanic Origin","7,642.64",
"Denver County","31","","","","Black","Not of Hispanic Origin","70,434.88",
"Denver County","31","","","","White","Hispanic Origin","193,443.64",
"Denver County","31","","","","White","Not of Hispanic Origin","397,744.9",
"Dolores County","33","","","","American Indian","Hispanic Origin","11.42",
"Dolores County","33","","","","American Indian","Not of Hispanic Origin","73.1",
"Dolores County","33","","","","Asian/Pacific Islander","Hispanic Origin","0",
"Dolores County","33","","","","Asian/Pacific Islander","Not of Hispanic Origin","8.11",
"Dolores County","33","","","","Black","Hispanic Origin","3.75",
"Dolores County","33","","","","Black","Not of Hispanic Origin","22.93",
"Dolores County","33","","","","White","Hispanic Origin","120.3",
"Dolores County","33","","","","White","Not of Hispanic Origin","1,808.79",
"Douglas County","35","","","","American Indian","Hispanic Origin","865.98",
"Douglas County","35","","","","American Indian","Not of Hispanic Origin","1,166.45",
"Douglas County","35","","","","Asian/Pacific Islander","Hispanic Origin","661.33",
"Douglas County","35","","","","Asian/Pacific Islander","Not of Hispanic Origin","18,637.84",
"Douglas County","35","","","","Black","Hispanic Origin","721.65",
"Douglas County","35","","","","Black","Not of Hispanic Origin","5,674.55",
"Douglas County","35","","","","White","Hispanic Origin","27,473.92",
"Douglas County","35","","","","White","Not of Hispanic Origin","287,728.6",
"Eagle County","37","","","","American Indian","Hispanic Origin","611.2",
"Eagle County","37","","","","American Indian","Not of Hispanic Origin","202.84",
"Eagle County","37","","","","Asian/Pacific Islander","Hispanic Origin","113.72",
"Eagle County","37","","","","Asian/Pacific Islander","Not of Hispanic Origin","676.65",
"Eagle County","37","","","","Black","Hispanic Origin","291.43",
"Eagle County","37","","","","Black","Not of Hispanic Origin","627.4",
"Eagle County","37","","","","White","Hispanic Origin","15,257.12",
"Eagle County","37","","","","White","Not of Hispanic Origin","37,109.4",
"Elbert County","39","","","","American Indian","Hispanic Origin","103.01",
"Elbert County","39","","","","American Indian","Not of Hispanic Origin","171.83",
"Elbert County","39","","","","Asian/Pacific Islander","Hispanic Origin","60.99",
"Elbert County","39","","","","Asian/Pacific Islander","Not of Hispanic Origin","300.62",
"Elbert County","39","","","","Black","Hispanic Origin","54.33",
"Elbert County","39","","","","Black","Not of Hispanic Origin","323.11",
"Elbert County","39","","","","White","Hispanic Origin","1,669.4",
"Elbert County","39","","","","White","Not of Hispanic Origin","23,555.6",
"El Paso County","41","","","","American Indian","Hispanic Origin","6,399.44",
"El Paso County","41","","","","American Indian","Not of Hispanic Origin","5,547.87",
"El Paso County","41","","","","Asian/Pacific Islander","Hispanic Origin","2,886.98",
"El Paso County","41","","","","Asian/Pacific Islander","Not of Hispanic Origin","26,579.55",
"El Paso County","41","","","","Black","Hispanic Origin","7,821.94",
"El Paso County","41","","","","Black","Not of Hispanic Origin","52,376.47",
"El Paso County","41","","","","White","Hispanic Origin","104,584.59",
"El Paso County","41","","","","White","Not of Hispanic Origin","508,332.44",
"Fremont County","43","","","","American Indian","Hispanic Origin","287.69",
"Fremont County","43","","","","American Indian","Not of Hispanic Origin","771.06",
"Fremont County","43","","","","Asian/Pacific Islander","Hispanic Origin","37.29",
"Fremont County","43","","","","Asian/Pacific Islander","Not of Hispanic Origin","443.65",
"Fremont County","43","","","","Black","Hispanic Origin","95.87",
"Fremont County","43","","","","Black","Not of Hispanic Origin","1,962.71",
"Fremont County","43","","","","White","Hispanic Origin","6,025.48",
"Fremont County","43","","","","White","Not of Hispanic Origin","38,291.92",
"Garfield County","45","","","","American Indian","Hispanic Origin","841.21",
"Garfield County","45","","","","American Indian","Not of Hispanic Origin","360.07",
"Garfield County","45","","","","Asian/Pacific Islander","Hispanic Origin","141.67",
"Garfield County","45","","","","Asian/Pacific Islander","Not of Hispanic Origin","550.44",
"Garfield County","45","","","","Black","Hispanic Origin","401.1",
"Garfield County","45","","","","Black","Not of Hispanic Origin","525.93",
"Garfield County","45","","","","White","Hispanic Origin","15,661.71",
"Garfield County","45","","","","White","Not of Hispanic Origin","41,366.19",
"Gilpin County","47","","","","American Indian","Hispanic Origin","30.3",
"Gilpin County","47","","","","American Indian","Not of Hispanic Origin","60.24",
"Gilpin County","47","","","","Asian/Pacific Islander","Hispanic Origin","8.24",
"Gilpin County","47","","","","Asian/Pacific Islander","Not of Hispanic Origin","116.82",
"Gilpin County","47","","","","Black","Hispanic Origin","14.09",
"Gilpin County","47","","","","Black","Not of Hispanic Origin","84.2",
"Gilpin County","47","","","","White","Hispanic Origin","393.23",
"Gilpin County","47","","","","White","Not of Hispanic Origin","5,386.27",
"Grand County","49","","","","American Indian","Hispanic Origin","58.29",
"Grand County","49","","","","American Indian","Not of Hispanic Origin","88.37",
"Grand County","49","","","","Asian/Pacific Islander","Hispanic Origin","17.38",
"Grand County","49","","","","Asian/Pacific Islander","Not of Hispanic Origin","168.6",
"Grand County","49","","","","Black","Hispanic Origin","29.7",
"Grand County","49","","","","Black","Not of Hispanic Origin","164.42",
"Grand County","49","","","","White","Hispanic Origin","1,247.65",
"Grand County","49","","","","White","Not of Hispanic Origin","13,725.23",
"Gunnison County","51","","","","American Indian","Hispanic Origin","340.7",
"Gunnison County","51","","","","American Indian","Not of Hispanic Origin","122.8",
"Gunnison County","51","","","","Asian/Pacific Islander","Hispanic Origin","18.19",
"Gunnison County","51","","","","Asian/Pacific Islander","Not of Hispanic Origin","156.69",
"Gunnison County","51","","","","Black","Hispanic Origin","33.22",
"Gunnison County","51","","","","Black","Not of Hispanic Origin","125.48",
"Gunnison County","51","","","","White","Hispanic Origin","1,219.08",
"Gunnison County","51","","","","White","Not of Hispanic Origin","15,162.24",
"Hinsdale County","53","","","","American Indian","Hispanic Origin","1.53",
"Hinsdale County","53","","","","American Indian","Not of Hispanic Origin","12.76",
"Hinsdale County","53","","","","Asian/Pacific Islander","Hispanic Origin","0.92",
"Hinsdale County","53","","","","Asian/Pacific Islander","Not of Hispanic Origin","11.29",
"Hinsdale County","53","","","","Black","Hispanic Origin","0.52",
"Hinsdale County","53","","","","Black","Not of Hispanic Origin","10.57",
"Hinsdale County","53","","","","White","Hispanic Origin","30.6",
"Hinsdale County","53","","","","White","Not of Hispanic Origin","734.24",
"Huerfano County","55","","","","American Indian","Hispanic Origin","330.63",
"Huerfano County","55","","","","American Indian","Not of Hispanic Origin","91.85",
"Huerfano County","55","","","","Asian/Pacific Islander","Hispanic Origin","35.67",
"Huerfano County","55","","","","Asian/Pacific Islander","Not of Hispanic Origin","55.23",
"Huerfano County","55","","","","Black","Hispanic Origin","55.19",
"Huerfano County","55","","","","Black","Not of Hispanic Origin","72.05",
"Huerfano County","55","","","","White","Hispanic Origin","1,969.28",
"Huerfano County","55","","","","White","Not of Hispanic Origin","4,236.48",
"Jackson County","57","","","","American Indian","Hispanic Origin","19.68",
"Jackson County","57","","","","American Indian","Not of Hispanic Origin","15.02",
"Jackson County","57","","","","Asian/Pacific Islander","Hispanic Origin","0",
"Jackson County","57","","","","Asian/Pacific Islander","Not of Hispanic Origin","13.35",
"Jackson County","57","","","","Black","Hispanic Origin","2.62",
"Jackson County","57","","","","Black","Not of Hispanic Origin","10.48",
"Jackson County","57","","","","White","Hispanic Origin","140",
"Jackson County","57","","","","White","Not of Hispanic Origin","1,191.33",
"Jefferson County","59","","","","American Indian","Hispanic Origin","4,811.1",
"Jefferson County","59","","","","American Indian","Not of Hispanic Origin","3,545.24",
"Jefferson County","59","","","","Asian/Pacific Islander","Hispanic Origin","1,505.73",
"Jefferson County","59","","","","Asian/Pacific Islander","Not of Hispanic Origin","18,761.66",
"Jefferson County","59","","","","Black","Hispanic Origin","1,877.23",
"Jefferson County","59","","","","Black","Not of Hispanic Origin","8,085.58",
"Jefferson County","59","","","","White","Hispanic Origin","80,766.71",
"Jefferson County","59","","","","White","Not of Hispanic Origin","460,517.25",
"Kiowa County","61","","","","American Indian","Hispanic Origin","7.94",
"Kiowa County","61","","","","American Indian","Not of Hispanic Origin","6.27",
"Kiowa County","61","","","","Asian/Pacific Islander","Hispanic Origin","8.6",
"Kiowa County","61","","","","Asian/Pacific Islander","Not of Hispanic Origin","4.2",
"Kiowa County","61","","","","Black","Hispanic Origin","6.17",
"Kiowa County","61","","","","Black","Not of Hispanic Origin","12.54",
"Kiowa County","61","","","","White","Hispanic Origin","87.73",
"Kiowa County","61","","","","White","Not of Hispanic Origin","1,238.21",
"Kit Carson County","63","","","","American Indian","Hispanic Origin","50.93",
"Kit Carson County","63","","","","American Indian","Not of Hispanic Origin","31.41",
"Kit Carson County","63","","","","Asian/Pacific Islander","Hispanic Origin","11.38",
"Kit Carson County","63","","","","Asian/Pacific Islander","Not of Hispanic Origin","56.92",
"Kit Carson County","63","","","","Black","Hispanic Origin","21.67",
"Kit Carson County","63","","","","Black","Not of Hispanic Origin","74.96",
"Kit Carson County","63","","","","White","Hispanic Origin","1,219.57",
"Kit Carson County","63","","","","White","Not of Hispanic Origin","5,699.41",
"Lake County","65","","","","American Indian","Hispanic Origin","152.7",
"Lake County","65","","","","American Indian","Not of Hispanic Origin","75.3",
"Lake County","65","","","","Asian/Pacific Islander","Hispanic Origin","8.11",
"Lake County","65","","","","Asian/Pacific Islander","Not of Hispanic Origin","55.24",
"Lake County","65","","","","Black","Hispanic Origin","36.48",
"Lake County","65","","","","Black","Not of Hispanic Origin","72.25",
"Lake County","65","","","","White","Hispanic Origin","2,664.64",
"Lake County","65","","","","White","Not of Hispanic Origin","4,698.06",
"La Plata County","67","","","","American Indian","Hispanic Origin","1,231.04",
"La Plata County","67","","","","American Indian","Not of Hispanic Origin","3,440.15",
"La Plata County","67","","","","Asian/Pacific Islander","Hispanic Origin","68.18",
"La Plata County","67","","","","Asian/Pacific Islander","Not of Hispanic Origin","461.01",
"La Plata County","67","","","","Black","Hispanic Origin","107.55",
"La Plata County","67","","","","Black","Not of Hispanic Origin","422.59",
"La Plata County","67","","","","White","Hispanic Origin","5,794.23",
"La Plata County","67","","","","White","Not of Hispanic Origin","44,915.57",
"Larimer County","69","","","","American Indian","Hispanic Origin","2,337.52",
"Larimer County","69","","","","American Indian","Not of Hispanic Origin","1,882.53",
"Larimer County","69","","","","Asian/Pacific Islander","Hispanic Origin","620.89",
"Larimer County","69","","","","Asian/Pacific Islander","Not of Hispanic Origin","9,350.28",
"Larimer County","69","","","","Black","Hispanic Origin","846.65",
"Larimer County","69","","","","Black","Not of Hispanic Origin","4,603.47",
"Larimer County","69","","","","White","Hispanic Origin","36,236",
"Larimer County","69","","","","White","Not of Hispanic Origin","294,540.16",
"Las Animas County","71","","","","American Indian","Hispanic Origin","413.43",
"Las Animas County","71","","","","American Indian","Not of Hispanic Origin","210.84",
"Las Animas County","71","","","","Asian/Pacific Islander","Hispanic Origin","41.28",
"Las Animas County","71","","","","Asian/Pacific Islander","Not of Hispanic Origin","147.73",
"Las Animas County","71","","","","Black","Hispanic Origin","75.71",
"Las Animas County","71","","","","Black","Not of Hispanic Origin","272.22",
"Las Animas County","71","","","","White","Hispanic Origin","5,549.13",
"Las Animas County","71","","","","White","Not of Hispanic Origin","7,813.97",
"Lincoln County","73","","","","American Indian","Hispanic Origin","35.68",
"Lincoln County","73","","","","American Indian","Not of Hispanic Origin","49.3",
"Lincoln County","73","","","","Asian/Pacific Islander","Hispanic Origin","4.83",
"Lincoln County","73","","","","Asian/Pacific Islander","Not of Hispanic Origin","63.63",
"Lincoln County","73","","","","Black","Hispanic Origin","21",
"Lincoln County","73","","","","Black","Not of Hispanic Origin","301.81",
"Lincoln County","73","","","","White","Hispanic Origin","689.6",
"Lincoln County","73","","","","White","Not of Hispanic Origin","4,405.34",
"Logan County","75","","","","American Indian","Hispanic Origin","184.95",
"Logan County","75","","","","American Indian","Not of Hispanic Origin","211.05",
"Logan County","75","","","","Asian/Pacific Islander","Hispanic Origin","42.4",
"Logan County","75","","","","Asian/Pacific Islander","Not of Hispanic Origin","243.61",
"Logan County","75","","","","Black","Hispanic Origin","101.84",
"Logan County","75","","","","Black","Not of Hispanic Origin","856.43",
"Logan County","75","","","","White","Hispanic Origin","3,208.59",
"Logan County","75","","","","White","Not of Hispanic Origin","17,004.81",
"Mesa County","77","","","","American Indian","Hispanic Origin","1,648.35",
"Mesa County","77","","","","American Indian","Not of Hispanic Origin","1,263.21",
"Mesa County","77","","","","Asian/Pacific Islander","Hispanic Origin","256.47",
"Mesa County","77","","","","Asian/Pacific Islander","Not of Hispanic Origin","1,681.34",
"Mesa County","77","","","","Black","Hispanic Origin","461.51",
"Mesa County","77","","","","Black","Not of Hispanic Origin","1,662.63",
"Mesa County","77","","","","White","Hispanic Origin","20,014.68",
"Mesa County","77","","","","White","Not of Hispanic Origin","126,633.61",
"Mineral County","79","","","","American Indian","Hispanic Origin","1.55",
"Mineral County","79","","","","American Indian","Not of Hispanic Origin","2.57",
"Mineral County","79","","","","Asian/Pacific Islander","Hispanic Origin","0",
"Mineral County","79","","","","Asian/Pacific Islander","Not of Hispanic Origin","3.29",
"Mineral County","79","","","","Black","Hispanic Origin","0",
"Mineral County","79","","","","Black","Not of Hispanic Origin","10.81",
"Mineral County","79","","","","White","Hispanic Origin","52",
"Mineral County","79","","","","White","Not of Hispanic Origin","682.62",
"Moffat County","81","","","","American Indian","Hispanic Origin","118",
"Moffat County","81","","","","American Indian","Not of Hispanic Origin","125.06",
"Moffat County","81","","","","Asian/Pacific Islander","Hispanic Origin","6.44",
"Moffat County","81","","","","Asian/Pacific Islander","Not of Hispanic Origin","98.25",
"Moffat County","81","","","","Black","Hispanic Origin","21.83",
"Moffat County","81","","","","Black","Not of Hispanic Origin","149.82",
"Moffat County","81","","","","White","Hispanic Origin","1,940.06",
"Moffat County","81","","","","White","Not of Hispanic Origin","10,737.97",
"Montezuma County","83","","","","American Indian","Hispanic Origin","563.55",
"Montezuma County","83","","","","American Indian","Not of Hispanic Origin","3,300.83",
"Montezuma County","83","","","","Asian/Pacific Islander","Hispanic Origin","31.33",
"Montezuma County","83","","","","Asian/Pacific Islander","Not of Hispanic Origin","177.37",
"Montezuma County","83","","","","Black","Hispanic Origin","44.18",
"Montezuma County","83","","","","Black","Not of Hispanic Origin","200.05",
"Montezuma County","83","","","","White","Hispanic Origin","2,693.55",
"Montezuma County","83","","","","White","Not of Hispanic Origin","19,105.58",
"Montrose County","85","","","","American Indian","Hispanic Origin","610.57",
"Montrose County","85","","","","American Indian","Not of Hispanic Origin","337.4",
"Montrose County","85","","","","Asian/Pacific Islander","Hispanic Origin","100.07",
"Montrose County","85","","","","Asian/Pacific Islander","Not of Hispanic Origin","353.61",
"Montrose County","85","","","","Black","Hispanic Origin","153.78",
"Montrose County","85","","","","Black","Not of Hispanic Origin","287.98",
"Montrose County","85","","","","White","Hispanic Origin","7,919.26",
"Montrose County","85","","","","White","Not of Hispanic Origin","32,512.19",
"Morgan County","87","","","","American Indian","Hispanic Origin","413.13",
"Morgan County","87","","","","American Indian","Not of Hispanic Origin","141.8",
"Morgan County","87","","","","Asian/Pacific Islander","Hispanic Origin","114.9",
"Morgan County","87","","","","Asian/Pacific Islander","Not of Hispanic Origin","197.97",
"Morgan County","87","","","","Black","Hispanic Origin","159.13",
"Morgan County","87","","","","Black","Not of Hispanic Origin","890.05",
"Morgan County","87","","","","White","Hispanic Origin","9,673.22",
"Morgan County","87","","","","White","Not of Hispanic Origin","16,840.7",
"Otero County","89","","","","American Indian","Hispanic Origin","656.44",
"Otero County","89","","","","American Indian","Not of Hispanic Origin","152.93",
"Otero County","89","","","","Asian/Pacific Islander","Hispanic Origin","52.15",
"Otero County","89","","","","Asian/Pacific Islander","Not of Hispanic Origin","154.65",
"Otero County","89","","","","Black","Hispanic Origin","133.01",
"Otero County","89","","","","Black","Not of Hispanic Origin","245.91",
"Otero County","89","","","","White","Hispanic Origin","6,832.21",
"Otero County","89","","","","White","Not of Hispanic Origin","10,120.02",
"Ouray County","91","","","","American Indian","Hispanic Origin","18.56",
"Ouray County","91","","","","American Indian","Not of Hispanic Origin","25.02",
"Ouray County","91","","","","Asian/Pacific Islander","Hispanic Origin","2.28",
"Ouray County","91","","","","Asian/Pacific Islander","Not of Hispanic Origin","47.22",
"Ouray County","91","","","","Black","Hispanic Origin","2.85",
"Ouray County","91","","","","Black","Not of Hispanic Origin","36.04",
"Ouray County","91","","","","White","Hispanic Origin","270.8",
"Ouray County","91","","","","White","Not of Hispanic Origin","4,407.18",
"Park County","93","","","","American Indian","Hispanic Origin","98.36",
"Park County","93","","","","American Indian","Not of Hispanic Origin","190.97",
"Park County","93","","","","Asian/Pacific Islander","Hispanic Origin","7.15",
"Park County","93","","","","Asian/Pacific Islander","Not of Hispanic Origin","213.98",
"Park County","93","","","","Black","Hispanic Origin","28.31",
"Park County","93","","","","Black","Not of Hispanic Origin","237.08",
"Park County","93","","","","White","Hispanic Origin","1,007.15",
"Park County","93","","","","White","Not of Hispanic Origin","16,758.2",
"Phillips County","95","","","","American Indian","Hispanic Origin","33.29",
"Phillips County","95","","","","American Indian","Not of Hispanic Origin","14.94",
"Phillips County","95","","","","Asian/Pacific Islander","Hispanic Origin","1.06",
"Phillips County","95","","","","Asian/Pacific Islander","Not of Hispanic Origin","29.51",
"Phillips County","95","","","","Black","Hispanic Origin","15.49",
"Phillips County","95","","","","Black","Not of Hispanic Origin","39.51",
"Phillips County","95","","","","White","Hispanic Origin","839.13",
"Phillips County","95","","","","White","Not of Hispanic Origin","3,304.76",
"Pitkin County","97","","","","American Indian","Hispanic Origin","56.65",
"Pitkin County","97","","","","American Indian","Not of Hispanic Origin","35.59",
"Pitkin County","97","","","","Asian/Pacific Islander","Hispanic Origin","25.36",
"Pitkin County","97","","","","Asian/Pacific Islander","Not of Hispanic Origin","344.49",
"Pitkin County","97","","","","Black","Hispanic Origin","46.03",
"Pitkin County","97","","","","Black","Not of Hispanic Origin","233.86",
"Pitkin County","97","","","","White","Hispanic Origin","1,663.53",
"Pitkin County","97","","","","White","Not of Hispanic Origin","15,516.87",
"Prowers County","99","","","","American Indian","Hispanic Origin","165.46",
"Prowers County","99","","","","American Indian","Not of Hispanic Origin","100.49",
"Prowers County","99","","","","Asian/Pacific Islander","Hispanic Origin","5.68",
"Prowers County","99","","","","Asian/Pacific Islander","Not of Hispanic Origin","48.87",
"Prowers County","99","","","","Black","Hispanic Origin","36.26",
"Prowers County","99","","","","Black","Not of Hispanic Origin","125.05",
"Prowers County","99","","","","White","Hispanic Origin","4,399.78",
"Prowers County","99","","","","White","Not of Hispanic Origin","7,191.09",
"Pueblo County","101","","","","American Indian","Hispanic Origin","4,754.69",
"Pueblo County","101","","","","American Indian","Not of Hispanic Origin","1,390.64",
"Pueblo County","101","","","","Asian/Pacific Islander","Hispanic Origin","697.33",
"Pueblo County","101","","","","Asian/Pacific Islander","Not of Hispanic Origin","1,729.47",
"Pueblo County","101","","","","Black","Hispanic Origin","1,439.05",
"Pueblo County","101","","","","Black","Not of Hispanic Origin","3,589.04",
"Pueblo County","101","","","","White","Hispanic Origin","64,961.76",
"Pueblo County","101","","","","White","Not of Hispanic Origin","88,512.53",
"Rio Blanco County","103","","","","American Indian","Hispanic Origin","32.99",
"Rio Blanco County","103","","","","American Indian","Not of Hispanic Origin","78.25",
"Rio Blanco County","103","","","","Asian/Pacific Islander","Hispanic Origin","1.43",
"Rio Blanco County","103","","","","Asian/Pacific Islander","Not of Hispanic Origin","44.13",
"Rio Blanco County","103","","","","Black","Hispanic Origin","12.61",
"Rio Blanco County","103","","","","Black","Not of Hispanic Origin","113.21",
"Rio Blanco County","103","","","","White","Hispanic Origin","538.64",
"Rio Blanco County","103","","","","White","Not of Hispanic Origin","5,468.99",
"Rio Grande County","105","","","","American Indian","Hispanic Origin","277.42",
"Rio Grande County","105","","","","American Indian","Not of Hispanic Origin","145.67",
"Rio Grande County","105","","","","Asian/Pacific Islander","Hispanic Origin","25.02",
"Rio Grande County","105","","","","Asian/Pacific Islander","Not of Hispanic Origin","62.45",
"Rio Grande County","105","","","","Black","Hispanic Origin","58.57",
"Rio Grande County","105","","","","Black","Not of Hispanic Origin","104.57",
"Rio Grande County","105","","","","White","Hispanic Origin","4,545.85",
"Rio Grande County","105","","","","White","Not of Hispanic Origin","5,989.67",
"Routt County","107","","","","American Indian","Hispanic Origin","93.37",
"Routt County","107","","","","American Indian","Not of Hispanic Origin","74.6",
"Routt County","107","","","","Asian/Pacific Islander","Hispanic Origin","22.69",
"Routt County","107","","","","Asian/Pacific Islander","Not of Hispanic Origin","232.35",
"Routt County","107","","","","Black","Hispanic Origin","35.96",
"Routt County","107","","","","Black","Not of Hispanic Origin","280.26",
"Routt County","107","","","","White","Hispanic Origin","1,679.5",
"Routt County","107","","","","White","Not of Hispanic Origin","23,293.59",
"Saguache County","109","","","","American Indian","Hispanic Origin","172.37",
"Saguache County","109","","","","American Indian","Not of Hispanic Origin","113.9",
"Saguache County","109","","","","Asian/Pacific Islander","Hispanic Origin","7.15",
"Saguache County","109","","","","Asian/Pacific Islander","Not of Hispanic Origin","61.78",
"Saguache County","109","","","","Black","Hispanic Origin","42.74",
"Saguache County","109","","","","Black","Not of Hispanic Origin","98.54",
"Saguache County","109","","","","White","Hispanic Origin","2,248.45",
"Saguache County","109","","","","White","Not of Hispanic Origin","4,080.77",
"San Juan County","111","","","","American Indian","Hispanic Origin","3.27",
"San Juan County","111","","","","American Indian","Not of Hispanic Origin","3.75",
"San Juan County","111","","","","Asian/Pacific Islander","Hispanic Origin","1.29",
"San Juan County","111","","","","Asian/Pacific Islander","Not of Hispanic Origin","7.32",
"San Juan County","111","","","","Black","Hispanic Origin","2.2",
"San Juan County","111","","","","Black","Not of Hispanic Origin","4.21",
"San Juan County","111","","","","White","Hispanic Origin","91.44",
"San Juan County","111","","","","White","Not of Hispanic Origin","631.85",
"San Miguel County","113","","","","American Indian","Hispanic Origin","63.99",
"San Miguel County","113","","","","American Indian","Not of Hispanic Origin","52.48",
"San Miguel County","113","","","","Asian/Pacific Islander","Hispanic Origin","3.85",
"San Miguel County","113","","","","Asian/Pacific Islander","Not of Hispanic Origin","71.2",
"San Miguel County","113","","","","Black","Hispanic Origin","30.38",
"San Miguel County","113","","","","Black","Not of Hispanic Origin","75.69",
"San Miguel County","113","","","","White","Hispanic Origin","777.01",
"San Miguel County","113","","","","White","Not of Hispanic Origin","7,118.65",
"Sedgwick County","115","","","","American Indian","Hispanic Origin","9.83",
"Sedgwick County","115","","","","American Indian","Not of Hispanic Origin","13.37",
"Sedgwick County","115","","","","Asian/Pacific Islander","Hispanic Origin","9.9",
"Sedgwick County","115","","","","Asian/Pacific Islander","Not of Hispanic Origin","19.01",
"Sedgwick County","115","","","","Black","Hispanic Origin","7.54",
"Sedgwick County","115","","","","Black","Not of Hispanic Origin","27.01",
"Sedgwick County","115","","","","White","Hispanic Origin","301.26",
"Sedgwick County","115","","","","White","Not of Hispanic Origin","1,885",
"Summit County","117","","","","American Indian","Hispanic Origin","188.2",
"Summit County","117","","","","American Indian","Not of Hispanic Origin","72.08",
"Summit County","117","","","","Asian/Pacific Islander","Hispanic Origin","33.8",
"Summit County","117","","","","Asian/Pacific Islander","Not of Hispanic Origin","408.09",
"Summit County","117","","","","Black","Hispanic Origin","94.5",
"Summit County","117","","","","Black","Not of Hispanic Origin","386.57",
"Summit County","117","","","","White","Hispanic Origin","3,953.54",
"Summit County","117","","","","White","Not of Hispanic Origin","25,837.04",
"Teller County","119","","","","American Indian","Hispanic Origin","121.63",
"Teller County","119","","","","American Indian","Not of Hispanic Origin","256.09",
"Teller County","119","","","","Asian/Pacific Islander","Hispanic Origin","21.65",
"Teller County","119","","","","Asian/Pacific Islander","Not of Hispanic Origin","279.79",
"Teller County","119","","","","Black","Hispanic Origin","53.01",
"Teller County","119","","","","Black","Not of Hispanic Origin","302.97",
"Teller County","119","","","","White","Hispanic Origin","1,435",
"Teller County","119","","","","White","Not of Hispanic Origin","22,593.46",
"Washington County","121","","","","American Indian","Hispanic Origin","6.41",
"Washington County","121","","","","American Indian","Not of Hispanic Origin","13.58",
"Washington County","121","","","","Asian/Pacific Islander","Hispanic Origin","10.57",
"Washington County","121","","","","Asian/Pacific Islander","Not of Hispanic Origin","18.03",
"Washington County","121","","","","Black","Hispanic Origin","5.5",
"Washington County","121","","","","Black","Not of Hispanic Origin","74.02",
"Washington County","121","","","","White","Hispanic Origin","469.82",
"Washington County","121","","","","White","Not of Hispanic Origin","4,116.05",
"Weld County","123","","","","American Indian","Hispanic Origin","4,024.91",
"Weld County","123","","","","American Indian","Not of Hispanic Origin","1,920.71",
"Weld County","123","","","","Asian/Pacific Islander","Hispanic Origin","937.06",
"Weld County","123","","","","Asian/Pacific Islander","Not of Hispanic Origin","5,646.12",
"Weld County","123","","","","Black","Hispanic Origin","1,474.54",
"Weld County","123","","","","Black","Not of Hispanic Origin","4,535.33",
"Weld County","123","","","","White","Hispanic Origin","86,609.29",
"Weld County","123","","","","White","Not of Hispanic Origin","209,133.74",
"Yuma County","125","","","","American Indian","Hispanic Origin","44.07",
"Yuma County","125","","","","American Indian","Not of Hispanic Origin","42.04",
"Yuma County","125","","","","Asian/Pacific Islander","Hispanic Origin","42.61",
"Yuma County","125","","","","Asian/Pacific Islander","Not of Hispanic Origin","35.92",
"Yuma County","125","","","","Black","Hispanic Origin","29.37",
"Yuma County","125","","","","Black","Not of Hispanic Origin","62.97",
"Yuma County","125","","","","White","Hispanic Origin","2,220.62",
"Yuma County","125","","","","White","Not of Hispanic Origin","7,556.75",